id,name
1,"Hailee Steinfeld"
2,"Ella Purnell"
3,"Katie Leung"
4,"Kevin Alejandro"
5,"Harry Lloyd"
6,"Jason Spisak"
7,"Jessica Henwick"
8,"Will Yun Lee"
9,"Samira Wiley"
10,"Wes Bentley"
11,"Brian Cox"
12,"Barkhad Abdi"
13,"Greg Chun"
14,"Erica Mendez"
15,"Cristina Vee"
16,"Kyle McCarley"
17,"Jamieson Price"
18,"David Lodge"
19,"Atsuko Tanaka"
20,"Akio Otsuka"
21,"Koichi Yamadera"
22,"Megumi Han"
23,"Osamu Saka"
24,"Takako Honda"
25,"Paul-Mikel Williams"
26,"Ryan Potter"
27,"Raini Rodriguez"
28,"Jenna Ortega"
29,"Kausar Mohammed"
30,"Sean Giambrone"
31,"Josh Brener"
32,"Katie Lowes"
33,"Gary Anthony Williams"
34,"John Boyega" 
35,"Sienna Guillory"
36,"Fred Tatasciore"
37,"Jeff Bennett"
38,"Laura Post"
39,"Kari Wahlgren"
40,"Keith Ferguson"
41,"Chris Sullivan"
42,"Maya Aoki Tuttle"
43,"Laz Alonso"
44,"Priah Ferguson"
45,"Yvonne Orji"
46,"JeCobi Swain"
47,"Ken Marino"
48,"Jim Rash"
49,"Keanu Reeves"
50,"Arnold Schwarzenegger"
51,"Patrick Schwarzenegger"
52,"Kevin Hart"
53,"Temuera Morrison"
54,"Brett Gray"
55,"Ella Purnell"
56,"Jason Mantzoukas"
57,"Angus Imrie"
58,"Rylee Alazraqui"
59,"Kate Mulgrew"
60,"Amanda Hufford"
61,"Lizzie Freeman"
62,"Michael Kovach"
63,"Sean Chiplock"
64,"Marissa Lenti"
65,"Ashley Nichols"
66,"Jessica DiCicco"
67,"Kiff VandenHeuvel"
68,"Amy Landecker"
69,"Darren Barnet"
70,"Dee Bradley Baker"
71,"Kelly Marie Tran"

